rank_test_score,mean_test_score,param_ridge__alpha,mean_fit_time
1,-3.90149890170575,1.0,0.003884124755859375
2,-3.903424023359895,0.1,0.0038125991821289064
3,-3.946697246992995,10.0,0.0034317970275878906
4,-5.0732849178698345,100.0,0.0032857418060302734
