rank_test_score,mean_test_score,param_ridge__alpha,mean_fit_time
1,-16.66985223947289,10.0,0.003020906448364258
2,-16.730532477536403,1.0,0.003174161911010742
3,-16.739333086237423,100.0,0.0029471874237060546
4,-16.739410845016092,0.1,0.0035561084747314452
