rank_test_score,mean_test_score,param_ridge__alpha,mean_fit_time
1,-3.90149890170575,1.0,0.0029912948608398437
2,-3.903424023359895,0.1,0.003993892669677734
3,-3.946697246992995,10.0,0.003043079376220703
4,-5.0732849178698345,100.0,0.0031435489654541016
