rank_test_score,mean_test_score,param_ridge__alpha,mean_fit_time
1,-3.901498901705749,1.0,0.002399921417236328
2,-3.903424023359895,0.1,0.004336500167846679
3,-3.9466972469929944,10.0,0.002355194091796875
4,-5.073284917869836,100.0,0.0023380279541015624
