rank_test_score,mean_test_score,param_ridge__alpha,mean_fit_time
1,-3.901498901705749,1.0,0.004980945587158203
2,-3.903424023359895,0.1,0.00892467498779297
3,-3.9466972469929944,10.0,0.005240583419799804
4,-5.073284917869836,100.0,0.004913854598999024
