rank_test_score,mean_test_score,param_ridge__alpha,mean_fit_time
1,-3.90149890170575,1.0,0.001888608932495117
2,-3.903424023359895,0.1,0.0024743080139160156
3,-3.946697246992995,10.0,0.0019568443298339845
4,-5.0732849178698345,100.0,0.001857423782348633
