Features,Coefficients
age,-0.3517241876298135
studytime,-0.12903477025310991
Dalc,0.005802510655708514
sex_M,0.02622673522234288
Walc,0.04371557967761566
failures,0.10102857068637999
goout,0.22508692860193347
G1,0.5393139723769081
G2,3.657329043840568
