Features,Coefficients
age,-0.35172418762981356
studytime,-0.12903477025310978
Dalc,0.005802510655708013
sex_M,0.026226735222343492
Walc,0.04371557967761519
failures,0.10102857068638084
goout,0.22508692860193408
G1,0.5393139723769026
G2,3.657329043840574
