features,coefs
age,-0.19919736060865703
studytime,0.6210312171706559
failures,-1.1658132364667126
goout,-0.8151499344845805
Dalc,-0.05129185111562969
Walc,0.2542659908492819
sex_M,0.8500100734805973
